050a7a1f-a87c-4335-9aff-a166a17414f0,female
04c1f9f3-e42f-430e-afae-3531cfa83eea,female
03c15da6-c868-465e-81c2-38dab53c25f8,male
0121354b-5fcd-4397-852a-4ea3cbf90611,female
00f987ef-b23f-429c-a50e-27b00e193920,female
0634a20f-842e-43e7-a78c-e97abfb9c1c5,female
036b3960-172b-429e-9b4d-fda247cde6a7,female
05dfcc4b-119c-460c-a897-583d7745cc1b,female
0023f213-1a9a-4f92-beb4-a0b921187a4a,female
05839597-1461-45ac-878e-bfd7a8f8f71e,female
020c7d4c-c287-4de3-a47d-a60ae3a5e0dc,female
01e01f27-1e2e-4e9e-a700-5ad13b3a1c18,female
01b8a5f2-dc26-4f6f-8acc-a2584cb7e645,female
0644a604-5083-4537-90f7-9151e89d899c,female
02b68f49-e513-4792-ae03-6c6421b197e7,female
042d654f-b420-4c2a-afaf-74737341fa1a,female
028efe7f-cdfb-4135-846f-848f2fff15b1,female
02dd22ae-dfe3-42f1-adae-409d77f23b92,female
0622236c-bb9c-43fb-80df-4c2b0076eb83,female
05cc67ba-923a-4596-9395-0ce4c6b18bc0,female
05fd722f-5497-43af-9be1-7b7246f57f1c,female
0670406f-0762-452d-8506-aeeb747d6ca3,female
013f971c-9650-46c3-98a8-b7ed7d6fcff0,male
06aa501a-4c5d-4177-a854-5c2960dacd76,male
0561ae5d-b9c7-4866-b5b0-6dbefa3498af,male
02a3de42-364f-4d9b-abe5-56529484920f,female
054f3e6c-3678-4ba3-9d44-d222d3f42d13,male
04ee2411-a1a2-4d88-b6d3-9a4fa77ca4f6,female
028d72eb-3c52-4683-a5c6-932663245c58,female
0285d1fd-801e-410c-bdd7-baa8b5fa12a5,female
04d47713-4c01-4510-91b1-17912a811d83,female
0292d5b3-019c-4d02-bedd-45bdbbf07e2f,male
01a98296-6ff1-4112-8fa0-1da96a1c5ffd,male
003304eb-5bb9-498e-8185-c6b220e75692,male
0222f8cb-6b15-4186-be73-f4eb29b3befc,male
023ba320-9f13-4f43-a9aa-3f867f5c4b23,male
02469b90-f5e4-4617-b029-ab4643aecef9,male
02c9c616-77f9-49be-9b4e-3718ca3ace4c,male
068d5841-5862-4b31-ae7a-3ff133c2eb10,female
05d59647-eab4-4529-960b-4f6d647849b2,male
05b6bdda-3219-4756-af17-d0d9cdcdb104,male
05452abf-c55c-4455-8e30-4931c1c7c82c,female
033efef4-840d-43b6-8179-ed9b6b3a85d2,male
06b409d5-be00-4461-8ca0-f1827b78b8df,male
00122052-87d2-468e-9ae0-a5d8d06644a2,female
02cc7dcf-acd4-44c5-a3a8-de1fcb92f0d7,male
0432bff6-5fe0-4f30-89a6-b7d2e9ef67eb,male
04a7e621-fe72-49db-8912-c208b66c2116,female
03ebdb4e-bf71-4b66-905e-52f6dcf2f5ca,female
00b1679b-9c3e-471f-8b0b-b973631e82e8,female
06d9da43-d137-4cb9-baa9-187994c94bda,female
00007960-9d81-4192-b548-ad33d6b0ca54,male
05f63c90-1953-4120-8676-b00c5216d59d,male
047b5c3d-1a7d-41e4-adc6-b92c2224306b,female
053b9afd-cb8c-41a9-a887-6cf63b70e981,female
06c5617a-ca0b-4dfc-ac45-0fda38845135,male
04e24968-2df4-4c86-b02f-91fe5bd369ea,female
01934e64-dd14-4c22-94d2-3bdc672a5735,female
02048caa-0816-44ed-b3c5-cd7015d7e52d,male
03334387-dee0-4b08-9854-928105d7d46f,female
028289ba-32ff-4aa5-a8f6-6a616daad0aa,female
00cbb51c-4aff-4ec7-b39a-05c5b0bd199e,female
04892549-63b1-402b-8598-4318740ca219,female
018bfa46-24c9-486e-af3d-874875f88a87,female
0281e10e-6222-4f0e-97f5-5852cc243b7a,male
016942d0-46ec-448b-9c6c-b96b3380ed7d,female
0466e21a-5258-4cfd-aaa1-4dcb0b325958,female
03be25f5-53a3-44c1-ab6f-5bf4590be886,male
0162197d-190a-48f2-ad98-6ada6fc4662a,male
023386e4-4852-4b4c-bed3-28feebfde299,female
007faa27-b09c-415e-ba45-4952e480ef3c,female
05fd0d86-5e00-41f8-be7c-a792c7988d57,female
067b7b72-07bb-4d58-b802-ad37d650819c,male
01932405-a57b-4628-8698-34b660fbbf69,female
024aec9c-78c9-4bba-bd09-81cce81e2af6,male
019b8694-3af1-4c0a-956f-4b8ea7f8a112,male
0617fba3-4f49-4ab3-b867-cfe1b4a195fa,female
06e92087-bf75-43d3-83fb-e9153b7d3708,female
00c777a7-9934-4492-b751-3ae4c62c9a31,female
027ba871-7dc1-4a74-bbaf-cc978d388b31,female
05f3d36f-89d2-4430-b249-ac5a041c817e,male
060f9d22-c0b1-40d0-b0ba-b7f1c8d80811,female
02cb9fd7-14f0-42af-aa97-a38c07bd908c,female
052de23f-28d0-4232-ac72-91cdb56da0b8,female
01e0bf76-3879-43b6-aefd-1f232491b1dd,female
02b607b6-ace5-49e3-84c2-0184bc532f44,male
02fb3e76-cd63-474e-bfc2-d465dd198436,female
02f23fb9-7596-4a85-aeff-c43f3bab64a3,male
05f36f84-4915-40ca-8965-f72611aaec2a,female
0354761e-fa9e-47b2-94ff-ad3e6eb21233,female
04d0fd5d-4384-4491-900d-e2904ef337fd,male
017be9bb-b12e-4174-a16e-70e54ac01b74,female
06bb031d-8d7a-4770-a2c8-f554a7c8d2be,female
0594127e-14f4-46ec-b379-70be67cb928b,female
023118eb-dc5f-472c-82ea-5146bc8d2959,female
063df51e-831d-45b8-8593-259d107ee359,female
00a67a33-e201-41de-8c11-51e09a345717,male
039ec323-ad40-45b2-b82f-86f6c638b6da,female
000eab34-1e23-4e20-a1bb-99de5f40c460,male
014b681d-231f-49cf-a379-d4a2b830c42e,male
0333e938-60d4-4eba-99c6-4900b24c8b38,male
03c6743e-a300-49ec-bf9f-e66505c95bdd,female
00428309-e00b-49ad-8ca3-d5369eec7c74,male
066d14b6-9c4f-4e28-af3d-ad7314b92be7,female
02f7a9c7-8cb3-45f3-9ca1-82ffb38191cf,female
017b256e-423e-42bf-b901-e638c6a41f3e,male
0674944e-8073-467e-b2f7-a7cbc9333e32,female
02829251-14ee-499c-a21b-11940bd16186,female
00230ca5-a5f8-4a99-a318-aeadd6397930,female
0434a26d-460a-40c5-82df-02d24ec4bf49,female
0087848a-f636-4e7b-8f3f-e49e007b201a,male
069c923f-0152-4682-87bc-e0b73588f2fe,male
051ee5f1-19b0-42e9-8ffa-4cb854fb1763,female
0668a32a-710f-4536-8937-ff555099d84f,female
04756d7e-9a6c-4e0a-925e-72c61da409ad,female
03c00c8a-87ab-415e-9fcb-ea242aef78e6,female
0103f37d-5998-4570-91b3-d759675ded45,female
04c1ce0e-529f-4d60-92dc-a8ec6e07e717,female
0082c7fb-8ab9-4f4f-a6a3-958211a5ab86,female
06586e57-9c5f-4df1-b8aa-768d6bea3313,male
034f67f8-e6da-489a-909a-50e85a489255,male
023e9b96-be3c-4d6a-8a11-866617f32a88,female
052caeb4-5300-4694-b2ff-8f0de169b26d,female
0303da22-e103-4b25-bab4-0317cd57def2,male
01e820e2-3313-46e9-83cb-469e03b556bb,female
00d36445-e302-4142-839d-7ab674697ba7,female
048ec4ba-25fb-44a0-a672-d80126267e36,female
02d72b26-3251-4da0-8e1e-ae104281c2dc,female
03f720ba-4f36-4f61-808c-04774705b6f1,male
052389f0-83bf-49df-8b42-9c8ff31f4748,male
01a6ec4a-ffa1-43ea-8b19-5152a4c9dfda,female
061261d1-c4c7-4f5a-8421-a6e876d860ad,male
00d37edc-77fc-45aa-9a4f-70909e2f57af,female
03bcccea-63de-43f4-b9ea-402df3c349de,male
04148b02-56cf-42c0-bdfd-4165a0ea3937,female
054a521b-7b6c-40e2-987b-a1968c53d3a6,male
068ac311-5cd4-410c-8c0a-ab05b0fd19a4,female
0264b920-6ba1-4bb1-ab03-c91eb2901416,female
0089040e-70ce-4db8-a947-a88ae76e745e,female
01502b50-4c80-4aed-9e24-0356b1d63033,female
050e6ee4-9a71-41ce-9e06-94a9c6e76958,female
007f3ee9-b2df-4861-8d9e-03f131c023c8,male
04a0ab4e-2c57-4e50-8085-09b78b224771,female
03390172-d72c-4f88-952a-2390789f7f04,female
05f7ab20-c19a-40a0-a4a0-cdbaf73a24a0,male
008be006-1a81-488b-a35e-03a9f6c8519e,male
0668d9d8-0d10-4370-8d1c-1c9f6921370d,female
05834612-cc87-4aa9-ba6a-1dcd2a24c92d,female
026bf7d7-383a-4376-b6ba-395510229382,female
01ad4c34-d4cc-464f-934d-9667846256d4,female
01fdacff-a321-46be-84e1-f1553a98eab6,female
04120e6b-f224-4344-8424-a84e1a36f0d4,male
03b1d290-a9a5-48f9-8952-0a97231c3362,female
00d3f4f9-6e1a-4f68-aa90-eb292ff56c79,female
0161855d-0b98-4f2d-b2ab-446dbd8d6759,male
00130e5d-7126-4400-84dd-b7dbb2c726b5,female
01737b34-e7de-46f1-91bb-8918efaf8efd,female
05e46658-2660-42e0-948c-4ab2f2a9b1a4,female
037b3daf-2743-4505-a4ae-0ae7ce3d2041,female
054ca9d4-6635-4b9d-991a-5156f7be74ee,male
00fe6efd-61f2-4e3e-a8d0-493352878dd0,male
02528f41-7049-412a-9486-7a2ba714247b,male
035c98ee-1aae-4c19-bb2b-7f22a42807d3,female
034c0276-6127-40d2-86fd-abfc74cef3f5,female
05df9ebb-c604-4c5c-b5fe-85cdc2e67b8e,female
05c0cadb-8ff5-49f3-8189-9bee8ff35502,male
06147f77-1b77-4b51-85eb-a54c8075612a,female
056272b1-c478-4ef0-b29c-e7d133eb3017,female
0359230b-3b19-4218-8007-b6c13eb2983d,female
00d4bbe5-0fdc-4eb2-9a77-4d709b30a36e,male
04106ecd-cb57-45d4-8f87-8fbefac8b62d,female
02728b3a-5d0e-41f0-ae73-26dd1c5f7545,female
0134ba16-b38b-46a9-b22c-79f99215d8cd,male
067c8969-03c7-49c6-bff9-9e48c8f43e3e,female
0547e824-6451-41c8-806b-67b8f66b729f,female
04233db6-f991-4fb2-bef9-813f95a0bf30,male
05f7bd76-8d6b-4e32-8527-dc03d48da7dc,male
04cc46b7-fc3b-4eb1-8238-66f9a8527d28,male
056e151b-13c2-438b-8e27-4896280877b0,female
06190ef9-d923-45fd-b6a9-f2c1ec192f28,female
06961571-e3b2-49ff-91f0-6d8c6eab6691,male
02075927-606f-4866-aac9-8b27dba03739,female
0386b9e6-1f72-412b-b977-f703a21c470f,female
067198b5-8b54-4750-af47-961c36e96a15,female
04363875-dce1-4a91-b21b-39e1b323a24f,male
050873ca-efc9-43ea-9a91-697adeec70c6,female
05436498-578f-417f-a681-d641e63ce7dc,female
06b9c4d7-b463-4cd8-b8e8-f36948855f2d,male
012e318d-157c-47a8-8f84-8d337866ad35,female
06286b97-4b37-4085-9edc-d5f77e6dfb4e,female
02343226-3c68-43d1-8e69-b227551618e8,female
049fd1a2-9f5d-4af3-91b1-ab8e20618b7e,male
0480b4e4-a9d4-4134-869a-9d25211c2b53,male
04861a75-c93d-426e-87b9-0d69d76f29cd,female
00104142-e5fb-43aa-acb3-fd71523355aa,female
039c54cd-a17a-4732-b180-3f291af2620d,male
0608eaa5-e8e1-4973-950b-b2825d9fb1bf,female
048388e3-c9b5-4263-a243-8d712acfe546,female
01dd6442-a4ca-40c9-a934-ba33ee265295,female
05e42285-f7df-49d9-8092-3a67df983db0,female
051f63f0-ce85-4eb5-80fc-5b6392695851,female
04d0632e-e82d-4e16-9a9a-909fc660c90e,female
038a81d4-070c-4fa6-8c2f-43703a85d258,male
006b70bd-782c-494e-9bbe-5f8a89f5d1ca,female
0248f39a-a4a7-4145-b2bd-702ed2c97a8f,female
01e3e705-b874-4553-8148-37484ea55c47,female
02a59dd0-3bac-4543-8b39-11a8db2236f2,female
04f65643-d9de-422f-980d-7f0eef9393fd,female
0420538b-0ae3-49da-9c50-f14502de17d2,female
00dba7f2-3247-4a28-8c4c-14aa8835cf1d,male
003e12fc-3241-4058-ad14-86986b783152,female
03a7e3b6-1f85-4340-ad97-ff6bdb68016a,male
0128cb40-46b0-45c4-b451-a2d661f19732,male
017df751-54ce-4ebe-8d2b-cd764aa7ec56,female
03cfbd24-f010-43d7-b88e-58fc9ba7af63,female
050acd4a-921f-4057-982f-7247b81a5990,male
05dc78fe-7269-4930-ba4a-5fad3ac8ad1d,female
040e2bf1-a70c-4d54-ae4f-0944e3e5aa94,female
0258fd01-19d3-4b2d-bae1-efe26d3ac05b,female
06c5773e-1d43-44c7-bb39-592105f61141,male
022124ef-28cc-4959-be21-321a85f4b53e,female
063f1775-aeb2-43d0-9e8b-311ac43fcf2d,male
04248ff2-de96-4bbc-9b3f-0930fc94411b,female
02d807d4-ff48-49e0-afbd-4552a688a7a1,female
033e85e3-da5c-4028-b56d-1b37f7fc534f,female
00090acb-a079-461a-8912-be95a924a384,male
0151bec5-b882-47da-af8b-b2056ae3cc33,female
061a2d04-6c25-4217-87a7-f38301346ed2,male
036df21a-a5aa-4d0f-bc3b-119651cf3944,male
037a4ff4-058d-488c-8a78-081ccd1d9c61,female
051caac1-1f67-4733-80b5-62cb32660daa,male
029a291c-1d15-47c0-a9f8-d15fb27960f7,male
054e0cf5-82b1-4698-9177-257f652fb4a9,male
01e80b8c-16b9-46c3-bf88-7e4c519f851d,female
0330e94c-7dbc-4891-9dce-ae15e5616bc0,male
00ac18de-d6ad-47ee-8e36-a7fb5cf1684a,female
026ea94c-f91a-4d18-9a7a-1fb4aed8560a,male
02126b4e-6aaa-4f87-aaa0-44eb9c8cfc09,female
0395d500-21b8-4b46-81cc-2464a1dfbee0,female
0490ca8f-23fe-4549-b8ed-d11d868d7aa9,female
02724900-8e29-4c8f-aec2-9976b3134214,male
00fed4dc-9ca7-4da6-beb1-c650332d3b61,female
011be45d-4c36-4aef-95f4-9d3fe8dd46c2,female
01d34f08-d6bd-4e83-b493-78579bf132fa,female
020bfa26-758e-49a3-96a7-aab27b547bfd,female
060d6c19-3c6a-4dac-b482-a20624653538,female
02031613-fd65-4724-b534-ccb7c098120f,female
0040f511-4468-49c6-825b-f72690fcbe58,female
04fe88d3-eda3-4e47-9350-99a4a1b864ab,female
00a1468c-e545-4e56-bb3d-5256b6e3565e,male
06651e6f-6b89-4dfb-8a61-52d27e2b31fb,female
013d2bfd-b1a7-4490-baac-16fa6b48d418,male
057686b4-e41d-4d0c-bdc2-da0d79d4f7af,male
03a77d5e-847a-4e1f-9ed6-0bc3b0edb08c,male
062156d4-0875-4986-a56f-e7482990e55d,female
00b4c95d-fa92-4be6-9d2c-f6fcc7453bfd,male
03b26509-ef01-44e5-a96e-225039ed2cee,female
067a495f-9103-4177-99f0-c12aaf353593,female
06b353ed-3109-4b64-a3b7-a03d4f39d7e6,female
056521ba-8e7b-437a-acaa-76c3e05725e9,male
06571c91-a807-4416-9f2e-0505feb57b48,female
044c209a-e9ce-4b79-9194-867ce1ca94fe,female
03ab0cfa-11cb-464a-bf74-052b2218f267,female
04d0e971-295b-4b75-aada-29895e405cc9,female
0628eb7a-076c-4dae-babb-004bd1c029ba,female
043a8ae9-47c7-422a-81f8-fdcba3c117e5,female
02d2e555-c7ce-4540-8709-ca4c9cfc9980,male
00bd8820-f19e-4459-a3e6-0390ada318cc,female
058650cc-1da6-441c-82a1-f07c475e111a,male
03b71749-52c6-4a36-80e9-f21448385648,male
054408f2-bb3c-4084-ab82-bdda303534bd,male
0341ffac-558e-440d-b935-1ec74700b0a1,female
053f8325-4536-41a6-9f8f-83deadaa32c3,female
01f01084-77dc-4012-912b-65399a86885a,female
007caf3d-d820-43e8-979e-3052a89f5e79,male
00f9c7a6-de6f-4bdc-8a0b-b9e45f2acf81,female
020f692a-e192-459d-8f92-a49acf3d8961,female
04cf8082-0450-43e2-a5c9-18d45f88e6a2,female
022b18c2-24d2-40b8-b4a9-fdb53c3dd898,male
047b5c17-ced9-4158-aba0-e838785c54db,female
0062dfcd-864e-49a8-b2b9-ec14c8ba711d,male
0248fb48-e884-4358-b0e2-74c8fe9c8d92,male
02b92988-4927-4e5a-ba84-bac5a44108fe,male
034f41ec-68a1-4f2e-bf83-eb6395a266fb,male
04123528-955b-413a-ac8c-7025cdde478a,female
00c8636d-5342-4bf4-a560-ce2c5b3286e5,male
00d78b94-0d89-460e-8d7b-16e24060b8f4,female
01030569-38ea-4b45-a587-44c9492f3093,female
0596ef68-c419-4d6a-8e62-87574bdbbb3d,female
0632945d-26a9-4cba-b774-4b3017427bbf,female
0691913b-a926-41d1-bdaf-fe07caf8a3f1,female
04b53729-1eae-4054-a35e-93f89f6a167a,female
02f37769-5e48-432b-91dd-041351ab5e30,male
02727dab-4efa-4da1-94db-e31faeff6a39,female
0134763a-a794-4d0d-bff5-16d79afb61a0,male
04e117f2-eddf-43f7-b2d1-65b8227c355d,female
04dc9ae6-2e81-4a6c-b427-5c083847e92a,male
0348a9eb-86b9-4036-900f-9f8f42267580,male
04998353-9000-400d-a4e9-9207a1903f42,male
05594b79-14d7-4aa2-b084-51ff05b60bde,male
01c9dbf3-ea1d-476d-b857-0ef861604265,female
04ae3632-97f6-4509-85bf-0e6dfe053a10,female
04eaa65c-ad22-4af8-86a9-35a1ac434fbb,male
04c704a8-d077-4970-a4bc-cc230033d20a,female
02018a10-eac4-4187-ab89-0ee042dae746,male
05546eff-e529-4b74-97f2-85f00679a904,male
056a1341-5bd4-4bcc-b22d-fcea4da61c8b,male
065704fc-9382-48c3-9fb0-015a887a56e8,female
01f68b2d-3b5d-4f24-a58a-a5c635ec0736,female
064d80c8-3354-4973-9399-283ab47a2539,male
007b83b7-f386-4d7e-b6a8-4d4be97c2a87,male
0168fd5a-5c2a-4e98-93b6-7414051c04b9,male
027d1c49-495b-4318-bf1b-e5ac1a584a33,female
03643876-ae9c-467d-afb8-9d2c5c05c41b,female
05c87d1c-5536-4f2b-87e2-f75da4cd6ba6,female
034b074b-609c-4bb9-964c-94d7faa9cc35,female
01d866fc-7145-46af-ad7a-4133a477d54b,female
05df1765-62c0-4977-8959-bea4465e7e93,male
00600876-f802-4f73-a7c0-374ebd942d74,male
01da3c26-127c-4212-8d07-7832a5daa4a0,female
02676543-7534-4ea2-830b-e2cd49deb43d,female
012f3a97-5d6a-4622-a572-0b3794af52a7,female
019dcd2d-0930-4c99-907a-c10a78dda587,female
06661158-32f8-474d-a200-17b67bc81b01,female
034101f3-a0d1-4b94-a3b5-34e9f0109490,female
020a98fc-94ac-4659-907b-8684b3de220a,male
05e102e8-b94b-4776-9184-4201ef4d55eb,male
035e6a3a-45c0-42a2-9d26-f94e537ca05c,male
00c535fd-60fe-4c22-abd5-b52fd1b2a57c,male
033a8dd8-3510-47ad-86f9-7eaab98764e9,male
051c820f-c15b-4b1a-8d78-21d05a2c9bb9,female
03a33d9f-42f9-4e35-b0c6-72a911a59146,female
01f5157d-fdfb-47e0-a9c1-a54907dd7c33,female
05bb0f7b-9303-452f-bd1b-1dde78b7a71d,female
059388bf-00d8-4a67-aaff-3cb61a35d62e,female
02f1f1d8-1bdc-4d90-801e-a0e8223a281c,female
02198783-6325-43d1-a7af-4965fe9750a3,male
0694081b-64bf-46e6-8684-1c2559e7e0a5,male
033664fc-168c-47e5-af59-bb2649ff799c,male
06b8f2ea-1432-4f94-8684-8fc8773066e3,male
06be7550-a48c-4ef4-b00e-1981043e6558,female
028b55a5-6ffe-44ea-b9bf-7aaa0df06e14,male
06f24e53-f5e1-4ed9-992c-f72010c7f619,female
069f1417-5ac8-4bca-8b54-e697c05d1109,male
03b4d5ff-c7a8-417b-844b-2c805a9b0e52,male
04ba987a-b8d9-4486-9afc-341a3b67f0b4,male
05cb5f15-f07a-4a51-8420-3b11763463d5,female
023ade1d-ef43-4361-b96f-44a507a21395,female
01d92ded-8e9e-436e-8e80-f325c80ee009,male
04b02762-811d-4f3a-8c7f-1df75c133849,female
0349ca47-48c4-472b-815e-b31998883986,female
0671ebb1-b403-4e33-a1d2-f65ccb0faa8c,male
0343cab1-b651-4325-8fe7-7e63cf4734f7,female
06c1a422-efad-4f78-af7d-310ec327f54d,male
011bcf6c-fa5f-49a5-873e-b2511df69de8,female
041a76ae-eb4c-4b77-843f-898167406230,female
00b24400-c906-4d20-b8fe-b84d06af005c,female
01c37057-0d7e-441f-98b4-e612749392c8,female
02b8d3da-573e-4fe2-9669-77ad841b4d49,male
04fcfdff-8205-485c-b834-aa81b6f0e6ce,female
05da6b03-dfc1-44fd-a8a0-c145c5eb8815,male
02c37962-2bcc-4efd-a6fb-654ffb3d39ee,female
05814da0-3c97-4f06-9a60-c6a3ceb31d8e,male
00b0e234-9d9a-45b7-b58f-7637fa54a65c,male
01182552-ac89-4e92-bab7-e2425ce94b38,male
0585413c-e4a7-4211-9d47-eaff42d242fd,female
004eea83-0f7c-4fd6-873a-1552fa990679,male
054a90ab-439e-4149-b69e-fe76a5c517a1,female
05604407-16d1-443e-801d-010b782bbfa2,female
066d3f9b-5274-4a27-be32-ce3221655536,male
05bf721e-d257-4301-bf09-72a5fab0aa25,male
06d0a5e8-5b71-4c3e-96ff-2ed284d64027,female
01f327d2-03a6-4b2f-854f-82fc51935c7c,female
00431014-07cf-43dd-a6b8-7ffc52fd3c3a,male
05206df6-11b3-4fed-bdc7-d4b958eba1da,female
025f5547-215f-447f-87db-38fb977771e4,female
045a6a69-3d48-4b91-8a1e-de062aed31c4,female
0413561d-723d-41a9-87ab-65cde18f4971,male
00e63b57-e5e9-46bc-befa-46f34e3b14b4,female
02d13681-7b0b-4ba1-944a-06695cd62348,male
016f16df-4829-411a-8aa6-86e7522deedd,female
04e122a7-1185-4123-b4da-73e34b6f25d4,male
04253660-4fc3-43b7-9ffe-516a81cfb09a,male
0438a32a-f7c6-49da-a96d-6a63560204dd,female
05eb9bd2-4f7d-4c06-8e45-64ecf0c6fdde,male
00be6eca-8e6b-4693-bb95-9afa198678d9,female
01883581-5bc2-4f01-a5ef-57ca6b86ff5f,female
05cd4682-38ef-4aba-a800-53aee59a9220,female
041f8bf3-bdac-4daf-86c7-731d5d6fd31e,female
04ec6f98-e328-4316-8479-3e86587428de,female
008ce161-c6da-4470-9e70-801ed9245ca0,female
013c5872-6cc5-4aaa-ad9c-2f0ea3464893,female
048ebc2c-ebb9-41a6-8b32-5be56aeddced,female
0511ac2d-d637-44a3-81cc-1bee765bdd2a,female
03fdb080-30ee-44c0-b1f0-40039262e83b,female
05736966-03ae-4b91-9894-61bb6a0f63e8,female
0517519e-8a55-4c6b-abf1-f173ad77556a,male
02fdb94c-9d77-4ac8-95b6-cf5753856c63,female
05c94c08-ded4-47e7-8c79-034f825631c4,male
038a364a-9432-44f0-96ba-128098ef2b42,male
032905f3-8ca7-46ad-aab7-6dc2e0515a2b,female
06e07e71-b2ff-457c-95ce-5b483cba8318,male
04d24666-cddb-4bc1-a98b-c0fa4d7e2a21,male
016a2e1c-8d79-4c4e-85f7-48446915f2ca,female
040dc30e-41dc-40f7-a856-2500a6ad106b,female
06cb8b68-e6e9-4f11-9cba-ac31cc1f29e5,female
0358c6e3-2d97-426e-8541-97b63b0c6ad0,female
04d5b3c1-7443-41b4-9b43-1f28f6f273d9,female
04353c50-5427-4977-81c5-c3bb1e1baa43,female
030517bd-1aaf-4c29-b526-30587ecfe150,female
06457b17-b3be-4e2f-b289-503ab58cd175,female
03c3847c-7d2d-43d9-bfba-7a9812879e89,female
0591208e-9029-4fb1-907e-d39a01704108,female
02a8e29d-ab06-49b9-9ea5-9d0c21f461f7,male
01c3e49f-d155-4c5d-bc98-646d9196a7fc,female
05f38e2c-c504-4d2e-8fdd-18af846ecea5,female
030fe76a-225f-41bf-8eb8-ddb203e158a5,female
05b57ce2-67b7-4e08-8017-a82e0d4678bf,male
009b07d3-a172-4e90-bda6-9f16ce84fe36,female
0699aa85-d262-419e-94e3-8d1005c425c4,female
028ad49b-3325-417a-9e94-0a701884d0f8,male
06c3d58b-2f48-4032-b710-63d4b77163ce,male
020777c0-8ebb-4032-9393-6c9cc0198395,female
01ac1f5f-31ae-4bef-9b5f-996c96384abc,female
04af0266-b8b3-457b-beea-7cfc51b73e8f,female
00b30614-3fb6-4f36-a947-fead0bb57bb2,female
043b0837-6dea-49d6-98c4-1993e73895af,female
02a17a06-96d1-424b-89c2-213739cfed76,female
0442b4c5-9565-4864-9218-81f77f920698,male
04d2e82e-a599-4faf-99de-da0808b7b09f,female
00e7b803-196a-4205-adcb-ad0e886d6665,male
05fe1420-3238-49b1-bdf9-dfcb171eeead,female
02f8a468-683b-4ca1-96f2-c00446bc0409,female
0402c73d-6ef5-4f79-ac68-a1804a13c2ef,male
04a3e69c-080d-44f3-be63-925e2e47f049,male
04360542-ef02-4eae-9826-ee8870e70321,male
0208ee66-134a-4f3e-bf4a-4bc8f4c1a6d0,male
047755c8-5638-46d6-a538-b9324a97b400,male
067e8d5e-5a67-45ec-92d7-8104b983f0a7,male
03afbdb4-ec11-4fc9-b183-35edc37c7c25,female
0671d41a-6ea3-4a8e-84f3-5f6515c7e707,male
01471832-f446-43b9-be53-ce344c0c5134,male
02523950-fd1c-4438-b580-b262b3da36a4,female
0440ffa8-9ad6-4782-8b5a-fbad45624313,female
05642482-55e4-4a33-87ee-f29f67cd499a,female
05939ebd-c32f-4b47-ac9a-3a1ec1dbc55a,female
03ffaeb0-f8c0-4557-8b53-3734b6edf470,female
038a0ce9-121f-435e-b366-58648f45ab04,female
03d0cf87-b8bb-49b4-afce-c619a5c77a13,female
03394336-efb5-4c5d-acd6-f852e41e0b12,female
05537a09-a58b-4181-9992-f5f969308207,female
02549681-5b2a-4c78-84b6-72f16940d020,male
01466c9b-f405-4a88-a25c-cf9ab07f6d1d,female
04ef304f-89d3-478d-bef8-b116f800befb,female
03bc300b-f891-406b-8bfe-f512c747cbf4,female
0183a4b5-3910-40e2-a72a-b9278d69902f,male
00a99927-8911-458c-aa2e-3b64de1c915c,male
04118cf7-a1aa-4f40-885b-d34bd5c649e8,female
052cb2c6-ab3e-49de-aa07-43db1458957f,female
023926e8-2646-4556-81e5-a1fd06d64864,female
037f01ef-36c2-4710-8075-6876430e7ce8,female
0082f439-89b0-4626-a35d-33c5e469eaaf,male
008140b0-01fb-4bb8-b9ca-434cc3aee1a4,female
010088c8-3130-4e0c-a131-372aeefc1e9a,male
03d8a4d6-1324-4fbf-a4d3-e68155103dd5,female
03ca328d-5d22-41b2-ab71-15d88fd27a90,female
002ac4c1-eed7-46d3-aa99-344ab8f0c932,female
05de22e8-e4d8-49df-8e1e-b60f029acbd0,female
021fd020-5ebb-41f1-a98c-f9388259e832,female
04548651-0a2d-4238-9945-158c12878b58,female
06067d7f-be9d-4eac-8dff-ec89da8abb75,male
05294a09-d6cd-4046-a351-756cacc501b8,female
0281889b-c3c9-4ae7-a8fb-a0e3eef07393,female
0607f795-c495-4c05-bc9f-47ee0d665546,female
063f4aa7-b4d1-4a9b-9179-75b9d531393a,male
020303af-17b9-42b6-9447-7c41debb851f,male
03fff9bb-1d77-4a32-a97c-62a75d46be33,female
01ea095e-ceee-4a67-8f8e-b7d51dfd5aa5,male
03291e1d-1068-4602-9c4a-65d9427ada2e,male
032e7aa4-190a-475f-bd15-766250a86582,female
0631770e-3035-4730-a45c-b349350020da,female
03cc8612-0a03-416f-9b49-cde52cfd8762,male
02041273-38f6-478f-a809-2a1cc37d0740,female
0080713c-5b1c-459e-8e80-038e0d879203,female
02134c35-2c07-4b06-ad86-0f37fd130c3c,female
02a94d34-5a62-4e95-9fac-17762550343d,female
0629a5b8-ee13-4ae2-bff8-cc337d8fb28d,male
040a62e5-59d8-4fa7-b87e-6bc6dfba1cc7,male
032fd2c2-a2e6-406c-be91-7f6ae4c459c7,female
02b9f2f8-2a9f-4be0-ae3e-ac8a783bce58,female
0133ddb7-a607-4ad2-82ac-8542c0fdac33,male
022f8895-5403-451a-9359-e0bd3ef20851,female
034c64c8-b2ca-4f40-88a6-2e09e2dfaca0,male
00d05e00-6638-4971-b4b0-426ec0f7201f,male
02046583-a6db-4778-8b7c-f67eeea54ef1,male
032bbae6-3adf-4a8c-8f1d-256354f71abc,female
05e11770-0f42-4562-a2e7-28090f9ad8da,female
04a68b6d-2a92-4dc3-84b8-f00bcdc9552c,male
007c876e-0991-4ed2-b978-5260a09348d1,female
0363a614-d1fc-4f7f-82ca-0004cce3070f,female
0308c833-dc90-4808-a8f8-5beeb0ca7eab,female
00759cc9-9a2f-43b5-b6a2-516fcd20ee64,male
005660eb-50c6-4079-acd0-14bc39668e26,female
0074fcd3-4641-42de-87b1-2aefa82514ba,female
03ce1503-55b0-490b-b5b0-b91e84b095cb,female
04f92aad-4fdc-4be3-8f02-7f5048b16db3,female
0552ac06-85b7-480c-9263-2ca50a25c824,female
02af2f7b-fd88-42fb-9870-6d2f55958a8f,male
000dbffe-59b2-42ba-9458-c8989dccaeb9,male
03753952-4ca9-4356-a1d6-ecc387937d8d,female
0379749d-48f0-4a0e-83b2-bb3725204ead,female
02415460-ff4d-41e9-b430-d16489714569,female
0349ac8a-9783-4284-a6ce-eb21dd4484ac,female
03ea8337-7811-4f02-998e-bbb4b1e37f09,female
01e1696b-b3c7-4ffe-a42b-ec2c952f7429,male
040bf64a-e5b4-464e-95b3-52660acc65a7,female
0046a0e9-1065-467d-82c9-28818c9efdd4,male
063fa572-280d-41fe-b152-e9224355500d,female
0336ae62-b97c-4bfa-8c08-8c89340177ce,female
0012ce8b-8fc9-49c0-849c-b23b70e9fca6,female
04670428-8d76-47aa-a7aa-77d5f84115b4,female
068a9ed6-03d4-44fd-8cbf-d9b73a108984,male
05084796-8dd1-4af9-949d-a42c62b6ddf7,male
02df866b-4aa4-4211-a43b-b9f4a75c0a37,female
01492b0a-d09d-4164-9a2d-84106c76aa3e,female
05d50ea3-5ee8-4a68-bfc3-dd012f2da915,male
02472f8c-d27f-4f36-be08-950af3e80f9c,female
04103ae7-2ea3-4d0d-806e-9e70ba52b199,female
063ff320-6fa8-4338-9f09-dac389adf208,female
045af77f-afa5-44c8-8f05-65dfadf948c5,female
03ca5378-e20e-400c-a04a-5bc8a50a9b40,female
0270bce6-0ff8-4ddf-864f-d4e82ee15297,female
00bb087f-d2f7-40d1-8409-8bf0f0003817,male
050703e5-d3a5-42e4-b739-d4d6b52f8577,female
020fb270-c59e-4d72-8e1a-1edd2e7380e2,male
06b68a18-8036-4f54-9d3a-1df8cbd4138a,male
06735d3a-f1e2-4728-8737-af6575554a68,female
003d84a9-a953-43ff-b9e7-8f1ba4348be3,female
040f54d1-17c6-4d10-a88a-4d8628d5495a,female
056a0290-d17c-474e-a081-fab5221c798a,male
044c74c5-d002-4f81-9b2f-5f08a57a737f,female
01289123-c02a-4f83-9ec3-c6e7d5860a0e,female
04207ca7-01c6-426a-9783-3c965a8c6760,male
05530938-02ea-49c3-bf33-9ae33c0fe471,male
01dce713-9b9f-4ad2-ae5d-597e7082a51d,female
00048f58-c10d-4dbe-a04f-e5b88a86ff61,male
036890a7-eadf-4704-9c8e-d63f17a1223e,female
01b9b683-7474-41a6-8261-c0efdcda172c,female
01297346-b5a9-4a7c-89a1-aa70867e6d6f,female
06bd682c-0148-45f0-82dd-cb05f16eb1af,female
059fe21b-26de-4c31-935c-c8f981d7b98f,female
05a645d0-98cf-4403-b8de-e05a5f5a91f7,female
00e4aec0-e2a4-4635-89d6-26b77467fd7d,male
03b484c6-e8ad-4f82-b17d-2c4483e5f3a8,female
023e2bc7-9f84-430f-8d09-2cbe6c82105a,male
04f3ae5f-8f74-46df-8a65-dfb0f2bfdb97,male
009b6a08-7de9-45a5-a3cc-13d52bb87091,male
04e973ea-eaf8-4918-9285-44108855db37,female
04d1e563-5fd6-48df-8dd9-79a0f1655dbb,male
04d987ce-b8fd-4381-a304-42cc518df6b8,female
002000bb-89ca-4915-a5b6-6399a6de52e7,female
05dbe273-bc33-46a2-a46a-b8f4324b1613,female
058c6ba6-69f3-40ee-960b-e345a1a4ee57,male
00e9f714-8fa7-4d1c-b4ff-47c6b2e72c8b,male
0452db62-1120-4e9c-a690-e82af96e6518,male
06eb88c9-79fc-4c09-9849-927a61cffd68,female
0628c60f-2fa0-4e53-a630-671867a2e61c,female
051ac944-514e-4425-8016-c2de0c95de10,female
031b9b00-95f8-469a-8dff-17da331873cc,female
045b706c-1ad6-4c3c-9aa8-0599470d3a46,female
066d5945-4a28-4bf3-80b7-26b49b846276,female
0452c38b-5af2-49a5-98b8-ad3cee0bd7b4,male
01b6eb85-c768-4615-82fc-863e8f468f71,female
01a79e0a-bb36-4353-ae0b-c18c17158693,male
010c8e20-fbe8-4e3a-85bf-f39be3d611a3,male
0647585e-868f-4705-bf6b-de8cf928fac6,female
0478389d-bae5-45a8-8eed-431505d02de7,female
02564bf2-a6a5-4a25-af24-49851fe5532b,male
04bed0f9-ce12-4314-a0de-35c5b37e9585,female
02df9f8f-922e-468e-8a5b-fdbc0ab651a2,male
03501c36-289a-41eb-8df1-a70194094b58,male
05a2a2f1-dfdc-451f-98e0-5fde0c89fc3e,male
0226b339-8003-4fab-983e-d001fe709029,male
060b9391-a1c5-44a5-a295-9ac279c17e1e,female
0199decd-b305-4c06-8010-5f67ab0f599d,male
012dfdb5-2b48-44d4-85df-e577937b60fb,female
0139bc7d-8b8e-400d-bdeb-e2ffc4815220,male
05bee0c4-339b-45c5-873f-67ab5968c788,female
06953ed5-268f-48e3-a069-225bed5fae16,female
019276f6-2134-4011-b1f8-36ff8a153c8f,male
003cf0d2-e4a5-421e-bb63-24911c0d1ff4,female
007fb3eb-8989-4419-b98f-e66176bbbcd9,male
01ff1404-22bb-435d-95af-5af459369aef,female
01441e11-5e1a-4d57-a13c-0c4ca8c80c9e,female
00ac11a1-a99d-40bb-a640-68f6c8f19a70,male
067f0a41-c584-44a9-9641-4d703db3e1ec,male
038ed37d-19c8-4a30-a41d-12b22f9dd584,male
019d8b86-6bff-40b8-9de9-2738c34d495f,female
0234faa5-5d08-4772-9bee-4c010b53ce79,female
012ba16b-aecc-4fb8-964c-70c1c30f1b8e,female
02d0b027-23cb-4040-8082-96857dd38f23,male
04f56305-e8da-4edf-ba1d-3b511ac216e1,male
00f6edd6-7cc5-4525-b432-3393100c5e09,male
04fa47b0-7b38-4a17-8b00-b3bdf8b23274,female
0216b1b9-df67-48c9-b392-be81648a5e2f,male
03b5c18c-6171-4cb4-8cef-e1d43fd50baf,male
03a7f124-3cf2-45fb-907f-2078c6e769a0,male
032630c0-5fc0-47a9-a51a-6e17177a2b3c,male
059980b4-14fb-4a3d-af96-1041c1493b2d,male
02ca911d-4124-48f1-b1d5-c1862e7abe89,female
007fb92e-47db-4270-9f21-ea6ab7a2345a,female
03ffbdb8-9abf-430f-bb9e-42ebc1a4a59e,male
01110a3f-2370-403c-a252-a7c9f14982c1,female
03d56ec4-630b-4c5a-9536-53c278f0848c,male
05f20873-6efb-42d3-8d45-1666ee949815,female
03324c96-733a-4f07-8d63-da47d8285294,male
0113dfe6-f6c4-49e0-ad9c-9781b164347e,female
044dcb23-ff75-4213-b554-8988b7234a6c,female
046f9d89-3024-4fd0-95c7-5a1fd72702e3,female
0632926e-a9e0-468d-ae3c-8a4e65bc88ca,female
0559c12f-4bb1-4294-bd50-53ec9d373685,male
06ae122a-9c28-493a-9d6d-acfdfa9263f3,female
01633d44-750a-4f24-ad9b-8cc93de965ce,female
00a7e56d-db40-4d44-8d21-da969428ae30,female
04cd7dcb-118b-4ace-99a6-5aed6987ccfa,female
011f28f6-b755-4686-b5ef-73a15d0d231e,female
03b8604d-8b0f-4929-83eb-27e0ba78d762,female
05a4dbb6-ef4b-45f4-9b1b-6d0079ef747a,female
06aed5a4-c8e2-44cb-892f-25012a807aef,female
04fabdc3-9775-4a5a-b0f9-c995cef3e06e,male
00275915-b710-409b-a0fd-9b58f2b160fc,male
0479506b-f6a7-41f0-b0da-4e953cbe2e09,female
041d694f-da6b-4078-82c8-504680a762e1,female
05d0ea10-dbca-46ef-8800-2841c93d47fd,male
00ffd282-87e1-4e48-8e82-97cdf85ed8dc,female
034c4928-7ed2-4c4f-b766-acfdad6cac25,female
03439552-24cf-431b-8ccc-e02c7e74ec40,female
05f6917a-443b-47f4-be29-3a808dbb433a,female
01d6930c-a3d3-4255-83c2-ea80da308ca1,female
03597fd9-9e28-4932-a5c5-3b503578e7c3,female
06cecba9-d942-49d8-a4fa-6e5c5d5f5f0e,male
00d7fc52-8181-462b-8900-ed3a188a31c3,female
03eab430-b347-4f2e-aff0-007c84960932,female
06a754ef-3387-4a40-8ae2-35b863f3fbe3,female
01fb115f-40ed-4cf2-8066-f0b26b1094fa,female
0016deb8-6539-4106-8d13-e91bf9abbf6e,female
0574acfe-ffb5-4ef5-a774-0e1a815ea27e,female
04d25a17-798b-44a6-b389-55b76df2abc5,female
0035b154-0196-445f-8545-b556775f36a4,male
0686f293-f820-4035-8ac2-2a72f9eec24d,male
03906651-90bc-4ac7-b8c3-44dad56e9c2e,female
05bb1248-d6a0-4afc-a4ee-43df7d4d366a,female
014bba10-3031-4622-aaef-6c83880981af,female
03e97da9-5f67-4e4b-8e1e-9a213da7ddca,female
06e5ebd9-a23c-4fd7-a99b-76e165f1e3e9,male
00836b8b-eaa8-4cb2-a5e3-ec3f7503fe26,female
03adc808-c5c3-4110-a8d0-341134eeb6f8,female
0196cea7-41d2-405e-903e-017c0420a56f,female
06537ac3-30d2-4bdf-b2a0-d1a72ce001b5,female
056b5ccf-994c-4efb-83b5-fad80e03362f,female
02dec6e1-fa49-4812-bf24-906fc68eee47,male
065b5a59-b310-4809-afbc-6b93c93f760e,male
00fa607c-2fa6-46c6-b71e-21cd64c7dd3a,female
048826e5-ef99-4f66-918f-070fc49c2e1d,female
04c0127a-504d-4774-ad64-2af064a3df49,female
031595d5-6fff-43eb-912c-488484b63e10,female
052bf609-3b28-4499-ac9f-09c2884a90d0,female
003d55ac-679a-466d-9f47-e287a3f8184d,male
007ba5f5-5941-4682-9f9f-900a6b41cb6e,female
03b50fa3-eeb3-4e73-b620-33a3378bfccb,female
00126780-805d-474f-9209-47fe2059d93b,male
06bd7173-1aba-4ab1-bac7-cb0e87e5d939,female
065b6194-2736-447e-974b-9367f732e599,female
05288fcd-a3b4-4039-9acc-99ef7cdc8d40,female
03aaad98-12f9-4e79-98ed-e53ef3c13934,female
01f3b796-0b35-4a4c-9939-0d72d86e7d4d,female
03e41d4a-6ed8-47a9-b95a-19d9d0521a2b,female
04f63c3b-469e-4367-b48e-a5ff4a3b63da,male
0395d9dd-a53a-4c14-be89-218d37cb39f6,male
03251b1a-13df-4e80-a763-c42556f48b8a,female
030b75ae-71ef-479e-996c-a6257b53fba9,female
0383228b-5a01-4bbd-b290-53c0e2761e93,female
041e235c-c623-4edb-9209-383b252496d7,female
03d63b65-8867-45fb-9664-bc4c8d6f45da,male
05947f81-f076-4073-a328-fa7a6a9d4b6c,female
019615f2-0f7e-4573-8043-a9e89c73e960,female
06aa6502-9507-414d-a74f-1a11e346eea8,female
027535ea-2d3b-4732-b9cb-cc28225f6ba9,female
054f46b3-80b6-4171-9949-05cc7a07d6b0,female
036ba48a-5ef5-455b-8d35-e757ce60dac1,male
034dcaa7-66a7-4341-a273-8249c0d0dfb9,female
05ffe627-c75c-4431-8d5d-ac7fbdc35194,female
04932dd0-6943-4d91-9145-7b669b175b3d,male
05b579e1-1285-42fd-9b21-b1138c5efb52,male
05d8dfff-166c-4f4e-aceb-f26f21703af1,female
0246ce41-c57c-489d-afe9-97f15f4ed6a6,female
051dc82d-57a4-4b92-8b3d-0cbdf2a0ddb2,male
022c99f2-f5ea-4b7a-bddd-8d3743c301cc,male
03c1e007-62b5-44b2-90d3-16265c7ba95a,male
0035d310-3bfc-46c7-9cb7-93e77dd5e171,female
05df9709-f279-4db6-b76e-c9e0814839c7,female
02cccaa4-d737-4104-9288-578a5643f7a6,female
009636b1-6f95-44d0-9c1d-17da9185228b,male
0436c463-a0ac-48c3-aae7-f1269046837e,male
04370ee4-2370-498c-ba52-124baa512d06,male
0546910d-aa57-4ed3-85a2-c89478cb8cfd,female
02da7b50-9636-423f-bc2a-eaee548f2f5f,female
0453195e-d1d0-4771-a5ca-fbee02fb27ba,male
04cd1a0c-d53e-44b0-a024-eb7327b0ca2e,female
